{
  "Open Home Page" : {
    "transaction" : "Open Home Page",
    "sampleCount" : 10,
    "errorCount" : 0,
    "errorPct" : 0.0,
    "meanResTime" : 464.7,
    "medianResTime" : 303.0,
    "minResTime" : 258.0,
    "maxResTime" : 1026.0,
    "pct1ResTime" : 1007.0,
    "pct2ResTime" : 1026.0,
    "pct3ResTime" : 1026.0,
    "throughput" : 1.957713390759593,
    "receivedKBytesPerSec" : 10.2655684098473,
    "sentKBytesPerSec" : 0.41391108310493346
  },
  "Total" : {
    "transaction" : "Total",
    "sampleCount" : 40,
    "errorCount" : 0,
    "errorPct" : 0.0,
    "meanResTime" : 409.175,
    "medianResTime" : 296.0,
    "minResTime" : 258.0,
    "maxResTime" : 1026.0,
    "pct1ResTime" : 743.3999999999997,
    "pct2ResTime" : 833.0499999999997,
    "pct3ResTime" : 1026.0,
    "throughput" : 7.0658894188305945,
    "receivedKBytesPerSec" : 31.664534479332275,
    "sentKBytesPerSec" : 2.2262036853029503
  },
  "Login Request-1" : {
    "transaction" : "Login Request-1",
    "sampleCount" : 10,
    "errorCount" : 0,
    "errorPct" : 0.0,
    "meanResTime" : 276.4,
    "medianResTime" : 278.5,
    "minResTime" : 260.0,
    "maxResTime" : 292.0,
    "pct1ResTime" : 291.0,
    "pct2ResTime" : 292.0,
    "pct3ResTime" : 292.0,
    "throughput" : 2.314814814814815,
    "receivedKBytesPerSec" : 14.001916956018517,
    "sentKBytesPerSec" : 0.5560980902777778
  },
  "Login Request" : {
    "transaction" : "Login Request",
    "sampleCount" : 10,
    "errorCount" : 0,
    "errorPct" : 0.0,
    "meanResTime" : 586.2,
    "medianResTime" : 575.0,
    "minResTime" : 536.0,
    "maxResTime" : 759.0,
    "pct1ResTime" : 743.4000000000001,
    "pct2ResTime" : 759.0,
    "pct3ResTime" : 759.0,
    "throughput" : 2.1593608291945583,
    "receivedKBytesPerSec" : 13.692119007773698,
    "sentKBytesPerSec" : 1.1323991848412869
  },
  "Login Request-0" : {
    "transaction" : "Login Request-0",
    "sampleCount" : 10,
    "errorCount" : 0,
    "errorPct" : 0.0,
    "meanResTime" : 309.4,
    "medianResTime" : 296.0,
    "minResTime" : 274.0,
    "maxResTime" : 482.0,
    "pct1ResTime" : 464.80000000000007,
    "pct2ResTime" : 482.0,
    "pct3ResTime" : 482.0,
    "throughput" : 2.297266253158741,
    "receivedKBytesPerSec" : 0.6707837985297497,
    "sentKBytesPerSec" : 0.6528364059269469
  }
}